<?xml version="1.0" encoding="utf-8"?>
<iTeroExport Version="3.0">
	<RxInfo>
		<OrderID>137404371</OrderID>
		<OrderCode>04TT8M2X</OrderCode>
		<CaseTypeID>30</CaseTypeID>
		<CaseTypeName>Invisalign</CaseTypeName>
		<Patient>SHUBHA, N K</Patient>
		<Doctor>Dr. B.C, Amarnath</Doctor>
		<DoctorID>45303</DoctorID>
		<DoctorLicense>000</DoctorLicense>
		<DoctorCompanyID>219711</DoctorCompanyID>
		<DueDate>09/05/2023</DueDate>
		<LabID>-1</LabID>
		<PracticeShipToAddress>Sagar Dental Clinic #489, 3rd Main, opp to fern hill ap Teacher&apos;s Colony, HSR Layout 5 Sctr Bangalore Karnataka India 560034</PracticeShipToAddress>
		<ExportTime>09/06/2023 11:29:47</ExportTime>
		<UtcOffset>0</UtcOffset>
		<CaaSVersion>0.8.3.12</CaaSVersion>
		<iTeroVersion>2.10.0.704</iTeroVersion>
	</RxInfo>
	<ExportedObjects>
		<Object ObjectType="Image" SubType="Gallery" FileName="gallery_#137404371.jpg"/>
		<Object ObjectType="Surface" SubType="Jaw" JawId="Lower" FileName="137404371_shell_occlusion_l.ply"/>
		<Object ObjectType="Surface" SubType="Jaw" JawId="Lower" FileName="137404371_shell_occlusion_l.stl"/>
		<Object ObjectType="Surface" SubType="Jaw" JawId="Upper" FileName="137404371_shell_occlusion_u.ply"/>
		<Object ObjectType="Surface" SubType="Jaw" JawId="Upper" FileName="137404371_shell_occlusion_u.stl"/>
	</ExportedObjects>
	<ActualUsedTransforms>
		<Transformation>-1.000000 -0.000000 0.000000 0.000000 0.000000 -1.000000 0.000000 0.000000 0.000000 0.000000 1.000000 0.000000 0.000000 0.000000 0.000000 1.000000</Transformation>
		<Transformation>-1.000000 -0.000000 0.000000 0.000000 0.000000 -1.000000 0.000000 0.000000 0.000000 0.000000 1.000000 0.000000 0.000000 0.000000 0.000000 1.000000</Transformation>
		<Transformation>-1.000000 -0.000000 0.000000 0.000000 0.000000 -1.000000 0.000000 0.000000 0.000000 0.000000 1.000000 0.000000 0.000000 0.000000 0.000000 1.000000</Transformation>
		<Transformation>-1.000000 -0.000000 0.000000 0.000000 0.000000 -1.000000 0.000000 0.000000 0.000000 0.000000 1.000000 0.000000 0.000000 0.000000 0.000000 1.000000</Transformation>
	</ActualUsedTransforms>
</iTeroExport>
