<?xml version="1.0" encoding="utf-8"?>
<iTeroExport Version="5.0">
	<RxInfo>
		<OrderID>137404371</OrderID>
		<OrderCode>04TT8M2X</OrderCode>
		<Modeled>False</Modeled>
		<FilePath/>
		<ExportTime>09/06/2023 11:29:47</ExportTime>
		<UtcOffset>0</UtcOffset>
		<LabTechnician/>
		<Patient>SHUBHA, N K</Patient>
		<UniquePatientIdentifier>13781d17-0942-42bb-8194-73238c467480</UniquePatientIdentifier>
		<ChartNumber/>
		<Doctor>Dr. B.C, Amarnath</Doctor>
		<DoctorLicense>000</DoctorLicense>
		<DoctorID>45303</DoctorID>
		<LabName/>
		<LabID/>
		<PracticeShipToAddress>Sagar Dental Clinic #489, 3rd Main, opp to fern hill ap Teacher&apos;s Colony, HSR Layout 5 Sctr Bangalore Karnataka India 560034</PracticeShipToAddress>
		<DueDate>09/05/2023</DueDate>
		<ScanRange>
			<UpperRange FromAdaId="1" ToAdaId="16"/>
			<LowerRange FromAdaId="17" ToAdaId="32"/>
		</ScanRange>
		<CaaSVersion>0.8.3.12</CaaSVersion>
		<iTeroVersion>2.10.0.704</iTeroVersion>
		<ExportScheme/>
		<ToothShadeSystem>VITApan 3D Master</ToothShadeSystem>
		<Procedure>2</Procedure>
		<ProcedureType>2</ProcedureType>
		<Teeth/>
		<Denture>
			<DentureShadeSystem>-1</DentureShadeSystem>
			<DentureTeethShade/>
			<DentureGingivalShade/>
			<DentureMould/>
			<DentureStage/>
			<UpperJaw>False</UpperJaw>
			<LowerJaw>False</LowerJaw>
			<DentureCopyScan>False</DentureCopyScan>
		</Denture>
		<TreatmentStage>1</TreatmentStage>
		<TeethBuccalTransforms/>
		<Bridges/>
		<Notes/>
		<Local_iDE CADCAMSystemTypeID="0" SelectedCadcamSystemName=""/>
		<iDE_Order ProductionCenterID="0" CADCAMSystemTypeID="0" SelectedProductionCenterName="" SelectedCadcamSystemName=""/>
		<CA_Order ProductionCenterID="0" SelectedProductionCenterName=""/>
		<DoctorCompanyID>219711</DoctorCompanyID>
	</RxInfo>
	<RxDefines>
		<RestorationTypes/>
		<Procedure>
			<Type Id="2" Name="Invisalign"/>
		</Procedure>
		<ProcedureType>
			<Type Id="2" Name="Invisalign Aligners"/>
		</ProcedureType>
		<Specification/>
		<ImplantBasedRestoration/>
		<AbutmentType/>
		<PonticDesign/>
		<DentureShadeSystem>
			<Type Id="-1" Name="Other"/>
		</DentureShadeSystem>
		<DentureGingivalShade/>
		<DentureMould/>
		<DentureStage/>
		<TreatmentStage>
			<Type Id="1" Name="Initial Record"/>
		</TreatmentStage>
		<BridgeTypes/>
		<ToothInBridgeTypes/>
		<Materials/>
		<ImplantTypes/>
	</RxDefines>
	<ExportedObjects>
		<Object ObjectType="Image" SubType="Gallery" FileName="gallery_#137404371.jpg"/>
		<Object ObjectType="Surface" SubType="Jaw" JawId="Lower" FileName="137404371_shell_occlusion_l.ply"/>
		<Object ObjectType="Surface" SubType="Jaw" JawId="Lower" FileName="137404371_shell_occlusion_l.stl"/>
		<Object ObjectType="Surface" SubType="Jaw" JawId="Upper" FileName="137404371_shell_occlusion_u.ply"/>
		<Object ObjectType="Surface" SubType="Jaw" JawId="Upper" FileName="137404371_shell_occlusion_u.stl"/>
	</ExportedObjects>
	<ActualUsedTransforms>
		<Transformation>-1.000000 -0.000000 0.000000 0.000000 0.000000 -1.000000 0.000000 0.000000 0.000000 0.000000 1.000000 0.000000 0.000000 0.000000 0.000000 1.000000</Transformation>
		<Transformation>-1.000000 -0.000000 0.000000 0.000000 0.000000 -1.000000 0.000000 0.000000 0.000000 0.000000 1.000000 0.000000 0.000000 0.000000 0.000000 1.000000</Transformation>
		<Transformation>-1.000000 -0.000000 0.000000 0.000000 0.000000 -1.000000 0.000000 0.000000 0.000000 0.000000 1.000000 0.000000 0.000000 0.000000 0.000000 1.000000</Transformation>
		<Transformation>-1.000000 -0.000000 0.000000 0.000000 0.000000 -1.000000 0.000000 0.000000 0.000000 0.000000 1.000000 0.000000 0.000000 0.000000 0.000000 1.000000</Transformation>
	</ActualUsedTransforms>
	<ScanBodyRecognitionData/>
</iTeroExport>
